experiment_id,mode,threads,hashes_per_second_mean,hashes_per_second_std,hashes_per_second_count,elapsed_s_mean,baseline_hps,speedup,efficiency
exp_001,concurrent,2.0,489212.4285714286,166809.5986635233,7,0.0036006342857142853,629196.6666666666,0.7775191041032671,0.38875955205163354
exp_001,concurrent,4.0,707834.8666666667,173927.94868917126,30,0.003854168,629196.6666666666,1.1249819081474262,0.28124547703685654
exp_001,parallel,2.0,546772.7,58593.616472451075,30,0.0023686843333333334,629196.6666666666,0.8690012661647921,0.43450063308239606
exp_001,parallel,4.0,1683798.6333333333,940881.419106195,60,0.11136763499999999,629196.6666666666,2.676108635879614,0.6690271589699035
exp_001,sequential,1.0,629196.6666666666,234759.8013673902,60,0.08432899166666667,629196.6666666666,1.0,1.0
