mode,threads,throughput_hashes_per_sec,speedup,efficiency,efficiency_pct
concurrent,2,790061.2,0.9917812807122395,0.49589064035611974,49.6
concurrent,4,773293.2,0.9707320398243402,0.24268300995608505,24.3
parallel,2,1508678.0,1.8938768275449802,0.9469384137724901,94.7
parallel,4,2638429.0,3.3120782196218643,0.8280195549054661,82.8
sequential,1,796608.3,1.0,1.0,100.0
